251,300,456.1,2007
354,1917,368.3,2019
92,2012,791.2,2009
562,10000 BC,269.8,2008
449,101 Dalmatians,320.7,1996
895,102 Dalmatians,183.6,2000
871,12 Years a Slave,187.7,2013
662,2 Fast 2 Furious,236.4,2003
816,21 Jump Street,201.6,2012
428,22 Jump Street,331.3,2014
414,300 Rise of an Empire,337.6,2014
826,50 First Dates,198.5,2004
644,8 Mile,242.9,2002
455,A Beautiful Mind,316.8,2001
362,A Bug's Life,363.3,1998
441,A Christmas Carol,325.3,2009
793,A Dog's Purpose,205.7,2017
642,A Few Good Men,243.2,1992
483,A Good Day to Die Hard,304.7,2013
411,A Quiet Place,340.9,2018
270,A Star Is Born,436.2,2018
665,A.I. Artificial Intelligence,235.9,2001
861,Abominable,189.9,2019
765,Ace Ventura When Nature Calls,212.4,1995
641,After Earth,243.6,2013
457,Air Force One,315.2,1997
37,Aladdin,1050.7,2019
212,Aladdin,504.1,1992
43,Alice in Wonderland,1025.5,2010
500,Alice Through the Looking Glass,299.5,2016
942,Alien vs. Predator,177.4,2004
648,Alien Covenant,240.9,2017
302,Alita Battle Angel,404.9,2019
925,Allegiant,179.2,2016
930,Along Came Polly,178.3,2004
359,Alvin and the Chipmunks,365.4,2007
408,Alvin and the Chipmunks Chipwrecked,342.7,2011
671,Alvin and the Chipmunks The Road Chip,234.8,2015
263,Alvin and the Chipmunks The Squeakquel,443.1,2009
966,Amélie,173.9,2001
377,American Beauty,356.3,1999
563,American Gangster,269.8,2007
612,American Hustle,251.2,2013
668,American Pie,235.5,1999
529,American Pie 2,287.6,2001
669,American Reunion,235.0,2012
185,American Sniper,547.4,2014
674,American Wedding,232.7,2003
951,Analyze This,176.9,1999
968,Anchorman 2 The Legend Continues,173.6,2013
223,Angels & Demons,485.9,2009
840,Anger Management,195.7,2003
592,Annabelle,257.0,2014
681,Annabelle Comes Home,231.3,2019
480,Annabelle Creation,306.5,2017
209,Ant-Man,519.3,2015
153,Ant-Man and the Wasp,622.7,2018
980,Antz,171.8,1998
378,Apollo 13,355.2,1995
23,Aquaman,1148.5,2018
677,Argo,232.3,2012
181,Armageddon,553.7,1998
806,Arrival,203.4,2016
460,As Good as It Gets,314.2,1997
650,Assassin's Creed,240.7,2016
882,Atlantis The Lost Empire,186.1,2001
507,Austin Powers in Goldmember,296.9,2002
464,Austin Powers The Spy Who Shagged Me,312.0,1999
770,Australia,211.8,2008
2,Avatar,2790.4,2009
11,Avengers Age of Ultron,1402.8,2015
1,Avengers Endgame,2797.8,2019
5,Avengers Infinity War,2048.4,2018
603,Baahubali 2 The Conclusion,254.2,2017
604,Babe,254.1,1995
698,Baby Driver,226.9,2017
318,Back to the Future,388.4,1985
417,Back to the Future Part II,335.9,1989
626,Back to the Future Part III,246.1,1990
281,Bad Boys for Life,425.5,2020
554,Bad Boys II,273.3,2003
892,Bad Moms,183.9,2016
741,Bad Teacher,216.2,2011
566,Bambi,267.4,1942
383,Basic Instinct,352.9,1992
293,Batman,411.6,1989
657,Batman & Robin,238.2,1997
341,Batman Begins,373.4,2005
415,Batman Forever,336.6,1995
568,Batman Returns,266.9,1992
71,Batman v Superman Dawn of Justice,873.6,2016
768,Battle Los Angeles,211.8,2011
487,Battleship,303.0,2012
937,Baywatch,177.9,2017
611,Bean,251.2,1997
17,Beauty and the Beast,1263.5,2017
268,Beauty and the Beast,440.1,1991
762,Bedtime Stories,212.9,2008
514,Bee Movie,293.5,2007
838,Beowulf,196.4,2007
706,Better Days,225.3,2019
456,Beverly Hills Cop,316.4,1984
499,Beverly Hills Cop II,300.0,1987
670,Big Daddy,234.8,1999
138,Big Hero 6,657.8,2014
964,Big Momma's House,174.0,2000
814,Birds of Prey And the Fantabulous Emancipation of One Harley Quinn,201.9,2020
974,Black Hawk Down,173.0,2001
12,Black Panther,1346.9,2018
431,Black Swan,329.4,2010
587,Blade Runner 2049,259.2,2017
981,Blood Diamond,171.7,2006
61,Bohemian Rhapsody,903.7,2018
469,Bolt,310.0,2008
578,Borat Cultural Learnings of America for Make Benefit Glorious Nation of Kazakhstan,262.6,2006
745,Bram Stoker's Dracula,215.9,1992
194,Brave,539.0,2012
760,Braveheart,213.2,1995
866,Breakup Buddies,189.0,2014
526,Bridesmaids,288.4,2011
571,Bridget Jones The Edge of Reason,265.1,2004
767,Bridget Jones's Baby,212.0,2016
538,Bridget Jones's Diary,281.9,2001
934,Brokeback Mountain,178.1,2005
616,Brother Bear,250.4,2003
225,Bruce Almighty,484.6,2003
241,Bumblebee,468.0,2018
903,Cape Fear,182.3,1991
22,Captain America Civil War,1153.3,2016
347,Captain America The First Avenger,370.6,2011
116,Captain America The Winter Soldier,714.4,2014
26,Captain Marvel,1128.3,2019
729,Captain Phillips,218.8,2013
245,Cars,462.0,2006
178,Cars 2,559.9,2011
325,Cars 3,383.9,2017
157,Casino Royale,616.5,2006
528,Casper,287.9,1995
276,Cast Away,429.6,2000
388,Catch Me If You Can,352.1,2002
819,Cats & Dogs,200.7,2001
736,Central Intelligence,217.0,2016
232,Charlie and the Chocolate Factory,475.0,2005
575,Charlie's Angels,264.1,2000
588,Charlie's Angels Full Throttle,259.2,2003
858,Cheaper by the Dozen,190.5,2003
478,Chicago,306.8,2002
459,Chicken Little,314.4,2005
709,Chicken Run,224.8,2000
987,Chinese Zodiac,171.3,2012
831,Christopher Robin,197.7,2018
191,Cinderella,542.4,2015
824,City of Angels,198.7,1998
927,City Slickers,179.0,1991
219,Clash of the Titans,493.2,2010
743,Clear and Present Danger,215.9,1994
651,Click,240.7,2006
601,Cliffhanger,255.0,1993
477,Close Encounters of the Third Kind,306.9,1977
643,Cloudy with a Chance of Meatballs,243.0,2009
550,Cloudy with a Chance of Meatballs 2,274.3,2013
977,Cloverfield,172.4,2008
986,Cocktail,171.5,1988
87,Coco,807.1,2017
973,Cold Mountain,173.0,2003
721,Collateral,220.9,2004
524,Coming to America,288.8,1988
710,Con Air,224.0,1997
682,Constantine,230.9,2005
989,Contact,171.1,1997
979,Couples Retreat,171.8,2009
958,Cowboys & Aliens,174.8,2011
435,Crazy Alien,327.6,2019
656,Crazy Rich Asians,238.5,2018
969,Creed,173.6,2015
752,Creed II,214.2,2018
433,Crocodile Dundee,328.2,1986
654,Crocodile Dundee II,239.6,1988
759,Crouching Tiger Hidden Dragon,213.5,2000
645,Daddy's Home,242.8,2015
918,Daddy's Home 2,180.6,2017
283,Dances with Wolves,424.2,1990
485,Dangal,303.7,2016
922,Dangerous Minds,179.5,1995
933,Dante's Peak,178.1,1997
926,Daredevil,179.2,2003
632,Dark Shadows,245.5,2012
119,Dawn of the Planet of the Apes,710.6,2014
666,Dead Poets Society,235.9,1988
98,Deadpool,782.6,2016
97,Deadpool 2,785.8,2018
396,Deep Impact,349.5,1998
919,Deja Vu,180.6,2006
190,Despicable Me,543.1,2010
49,Despicable Me 2,970.8,2013
39,Despicable Me 3,1034.8,2017
187,Detective Chinatown 2,544.2,2018
274,Die Another Day,432.0,2002
652,Die Hard 2,240.2,1990
356,Die Hard with a Vengeance,366.2,1995
394,Dinosaur,349.8,2000
734,Dirty Dancing,217.7,1987
757,Disclosure,214.0,1994
774,District 9,210.9,2009
523,Divergent,288.9,2014
282,Django Unchained,425.4,2012
513,Doctor Dolittle,294.5,1998
130,Doctor Strange,677.7,2016
693,Dolittle,227.9,2020
938,Double Jeopardy,177.8,1999
855,Downton Abbey,192.1,2019
954,Dr. Dolittle 2,176.1,2001
210,Dr. Seuss' The Grinch,511.6,2018
735,Dracula Untold,217.1,2014
771,Due Date,211.8,2010
622,Dumb and Dumber,247.3,1994
998,Dumb and Dumber To,169.8,2014
381,Dumbo,353.3,2019
201,Dunkirk,526.9,2017
253,Dying to Survive,451.2,2018
91,E.T. the Extra-Terrestrial,793.5,1982
929,Eagle Eye,178.8,2008
799,Eat Pray Love,204.6,2010
348,Edge of Tomorrow,370.5,2014
718,Elf,221.7,2003
533,Elysium,286.1,2013
412,Enchanted,340.5,2007
766,End of Days,212.0,1999
613,Enemy of the State,250.8,1998
764,Entrapment,212.4,1999
564,Epic,268.4,2013
615,Eragon,250.4,2006
647,Eraser,242.3,1996
595,Erin Brockovich,256.3,2000
961,Evan Almighty,174.4,2007
804,Everest,203.4,2015
565,Exodus Gods and Kings,268.2,2014
630,Face/Off,245.7,1997
716,Fahrenheit 9/11,222.4,2004
491,Fantastic 4 Rise of the Silver Surfer,301.9,2007
85,Fantastic Beasts and Where to Find Them,814.0,2016
139,Fantastic Beasts The Crimes of Grindelwald,654.9,2018
424,Fantastic Four,333.5,2005
369,Fast & Furious,360.4,2009
96,Fast & Furious 6,788.7,2013
102,Fast & Furious Presents Hobbs & Shaw,759.1,2019
149,Fast Five,626.1,2011
451,Fatal Attraction,320.1,1987
510,Ferdinand,296.1,2017
327,Fifty Shades Darker,381.5,2017
344,Fifty Shades Freed,372.0,2018
174,Fifty Shades of Grey,569.7,2015
41,Finding Dory,1028.6,2016
58,Finding Nemo,940.3,2003
712,Flightplan,223.4,2005
936,Flubber,178.0,1997
931,Flushed Away,178.3,2006
705,Ford v Ferrari,225.5,2019
129,Forrest Gump,678.3,1994
629,Four Weddings and a Funeral,245.7,1994
908,From Vegas to Macau III,181.7,2016
16,Frozen,1280.8,2013
10,Frozen II,1450.0,2019
798,Fun with Dick and Jane,204.7,2005
9,Furious 7,1515.0,2015
769,Fury,211.8,2014
333,G.I. Joe Retaliation,375.7,2013
489,G.I. Joe The Rise of Cobra,302.5,2009
850,Gangs of New York,193.8,2002
809,Garfield,203.2,2004
970,Gemini Man,173.5,2019
960,George of the Jungle,174.5,1997
719,Geostorm,221.6,2017
599,Get Out,255.4,2017
683,Get Smart,230.7,2008
516,G-Force,292.8,2009
211,Ghost,505.8,1990
999,Ghost in the Shell,169.8,2017
688,Ghost Rider,228.7,2007
511,Ghostbusters,295.7,1984
687,Ghostbusters,229.1,2016
747,Ghostbusters II,215.4,1989
246,Gladiator,460.6,2000
623,Glass,247.0,2019
848,Gnomeo & Juliet,194.0,2011
202,Godzilla,525.0,2014
329,Godzilla,379.0,1998
321,Godzilla King of the Monsters,386.6,2019
387,GoldenEye,352.2,1995
350,Gone Girl,369.3,2014
659,Gone in 60 Seconds,237.2,2000
306,Gone with the Wind,402.4,1939
703,Good Will Hunting,225.9,1997
690,Goodbye Mr. Loser,228.1,2015
561,Gran Torino,270.0,2008
115,Gravity,723.2,2013
309,Grease,397.0,1978
437,Green Book,326.8,2018
725,Green Lantern,219.9,2011
557,Grown Ups,271.4,2010
624,Grown Ups 2,247.0,2013
100,Guardians of the Galaxy,772.8,2014
75,Guardians of the Galaxy Vol. 2,863.8,2017
658,Gulliver's Travels,237.4,2010
920,Hacksaw Ridge,180.5,2016
802,Hairspray,203.6,2007
598,Halloween,255.5,2018
148,Hancock,629.4,2008
390,Hannibal,351.7,2001
702,Hansel & Gretel Witch Hunters,226.3,2013
324,Happy Feet,384.3,2006
68,Harry Potter and the Chamber of Secrets,879.5,2002
48,Harry Potter and the Deathly Hallows Part 1,976.9,2010
13,Harry Potter and the Deathly Hallows Part 2,1341.9,2011
62,Harry Potter and the Goblet of Fire,896.3,2005
59,Harry Potter and the Half-Blood Prince,934.3,2009
57,Harry Potter and the Order of the Phoenix,942.0,2007
89,Harry Potter and the Prisoner of Azkaban,796.1,2004
47,Harry Potter and the Sorcerer's Stone,978.1,2001
872,Heat,187.4,1995
355,Hello Mr. Billionaire,367.0,2018
608,Hercules,252.7,1997
638,Hercules,244.8,2014
943,Hero,177.4,2002
928,He's Just Not That Into You,178.9,2009
664,Hidden Figures,236.0,2016
607,High School Musical 3,252.9,2008
345,Hitch,371.6,2005
860,Hollow Man,190.2,2000
322,Home,386.0,2015
230,Home Alone,477.1,1990
360,Home Alone 2 Lost in New York,365.2,1992
715,Honey I Shrunk the Kids,222.7,1989
492,Hook,300.9,1991
891,Hop,184.0,2011
778,Horrible Bosses,209.8,2011
503,Horton Hears a Who!,298.6,2008
912,Hot Shots!,181.1,1991
373,Hotel Transylvania,358.4,2011
233,Hotel Transylvania 2,474.8,2015
199,Hotel Transylvania 3 Summer Vacation,528.6,2018
406,How the Grinch Stole Christmas,345.1,2000
941,How to Lose a Guy in 10 Days,177.5,2003
216,How to Train Your Dragon,494.9,2010
154,How to Train Your Dragon 2,621.5,2014
205,How to Train Your Dragon The Hidden World,521.8,2019
663,Howl's Moving Castle,236.2,2004
885,Hugo,185.8,2011
633,Hulk,245.3,2003
169,I Am Legend,585.4,2007
875,I Now Pronounce You Chuck & Larry,187.1,2007
382,I Robot,353.1,2004
326,Ice Age,383.3,2002
298,Ice Age Collision Course,408.6,2016
69,Ice Age Continental Drift,877.2,2012
65,Ice Age Dawn of the Dinosaurs,886.7,2009
134,Ice Age The Meltdown,667.1,2006
962,Identity Thief,174.0,2013
699,Immortals,226.9,2011
950,In the Line of Fire,177.0,1993
965,In Time,173.9,2011
80,Inception,829.9,2010
18,Incredibles 2,1242.8,2018
569,Indecent Proposal,266.6,1993
84,Independence Day,817.4,1996
317,Independence Day Resurgence,389.7,2016
94,Indiana Jones and the Kingdom of the Crystal Skull,790.7,2008
234,Indiana Jones and the Last Crusade,474.3,1989
425,Indiana Jones and the Temple of Doom,333.1,1984
723,Inferno,220.0,2016
448,Inglourious Basterds,321.5,2009
883,Inside Man,186.0,2006
76,Inside Out,857.6,2015
505,Insurgent,297.0,2015
131,Interstellar,677.5,2014
711,Interview with the Vampire The Vampire Chronicles,223.7,1994
761,Into the Woods,212.9,2014
170,Iron Man,585.4,2008
151,Iron Man 2,623.9,2010
20,Iron Man 3,1214.8,2013
122,It,701.8,2017
236,It Chapter Two,473.1,2019
727,It's Complicated,219.1,2009
731,Jack Reacher,218.3,2012
832,Jack the Giant Slayer,197.7,2013
982,Jackass 3D,171.7,2010
289,Jason Bourne,415.5,2016
238,Jaws,471.2,1975
870,Jaws 2,187.9,1978
553,Jerry Maguire,273.6,1996
796,JFK,205.4,1991
879,Jian Bing Man,186.7,2015
535,John Carter,284.1,2012
985,John Wick Chapter 2,171.5,2017
438,John Wick Chapter 3 - Parabellum,326.7,2019
31,Joker,1074.3,2019
419,Journey 2 The Mysterious Island,335.3,2012
640,Journey to the Center of the Earth,244.2,2008
795,Journey to the West,205.6,2013
621,Journey to the West The Demons Strike Back,247.6,2017
577,Jumanji,262.8,1995
88,Jumanji The Next Level,796.6,2019
52,Jumanji Welcome to the Jungle,962.1,2017
707,Jumper,225.1,2008
676,Juno,232.4,2007
893,Jupiter Ascending,183.9,2015
40,Jurassic Park,1032.0,1993
352,Jurassic Park III,368.8,2001
6,Jurassic World,1670.4,2015
15,Jurassic World Fallen Kingdom,1308.5,2018
750,Just Go with It,214.9,2011
137,Justice League,657.9,2017
914,Kill Bill Vol. 1,180.9,2003
813,Kindergarten Cop,202.0,1990
801,King Arthur,203.6,2004
177,King Kong,562.4,2005
732,Kingdom of Heaven,218.1,2005
296,Kingsman The Golden Circle,410.9,2017
291,Kingsman The Secret Service,414.4,2015
580,Knight and Day,262.0,2008
466,Knives Out,311.6,2019
724,Knocked Up,219.9,2007
894,Knowing,183.7,2007
175,Kong Skull Island,566.7,2017
145,Kung Fu Panda,631.7,2008
135,Kung Fu Panda 2,665.7,2011
207,Kung Fu Panda 3,521.2,2016
591,Kung Fu Yoga,257.7,2017
259,La La Land,446.2,2016
547,Lara Croft Tomb Raider,274.7,2001
945,Lee Daniels' The Butler,177.3,2013
773,Lemony Snicket's A Series of Unfortunate Events,211.5,2004
264,Les Misérables,441.8,2012
694,Lethal Weapon 2,227.9,1989
445,Lethal Weapon 3,321.7,1992
534,Lethal Weapon 4,285.4,1998
488,Liar Liar,302.7,1997
685,Life Is Beautiful,230.1,1998
160,Life of Pi,609.0,2012
555,Lilo & Stitch,273.1,2002
546,Lincoln,275.3,2012
468,Little Fockers,310.7,2010
790,Little Women,206.0,2019
319,Live Free or Die Hard,388.2,2007
155,Logan,619.0,2017
792,London Has Fallen,205.8,2016
506,Look Who's Talking,297.0,1989
952,Looper,176.5,2012
594,Lost in Hong Kong,256.3,2015
830,Lost in Thailand,197.8,2012
636,Love Actually,244.9,2003
249,Lucy,458.9,2014
335,Mad Max Fury Road,375.2,2015
192,Madagascar,542.1,2005
107,Madagascar 3 Europe's Most Wanted,746.9,2012
162,Madagascar Escape 2 Africa,603.9,2008
103,Maleficent,758.4,2014
220,Maleficent Mistress of Evil,491.7,2019
159,Mamma Mia!,609.9,2008
311,Mamma Mia! Here We Go Again,395.0,2018
133,Man of Steel,668.0,2013
597,Marley & Me,255.7,2008
395,Mary Poppins Returns,349.5,2018
772,Master and Commander The Far Side of the World,211.6,2003
900,Maverick,183.0,1994
527,Maze Runner The Death Cure,288.2,2018
462,Maze Runner The Scorch Trials,312.3,2015
782,Me Before You,208.3,2016
204,Meet the Fockers,522.7,2004
429,Meet the Parents,330.4,2000
444,Megamind,321.9,2010
166,Men in Black,589.4,1997
150,Men in Black 3,624.0,2012
260,Men in Black II,445.1,2002
605,Men in Black International,253.9,2019
737,Million Dollar Baby,216.8,2004
21,Minions,1159.4,2015
374,Minority Report,358.4,2002
901,Mirror Mirror,183.0,2012
763,Miss Congeniality,212.7,2000
508,Miss Peregrine's Home for Peculiar Children,296.5,2016
250,Mission Impossible,457.7,1996
93,Mission Impossible - Fallout,791.1,2018
125,Mission Impossible - Ghost Protocol,694.7,2011
128,Mission Impossible - Rogue Nation,682.7,2015
186,Mission Impossible II,546.4,2000
308,Mission Impossible III,398.5,2005
127,Moana,690.8,2016
320,Monster Hunt,387.1,2015
368,Monster Hunt 2,361.7,2018
111,Monsters University,743.6,2013
328,Monsters vs. Aliens,381.5,2009
144,Monsters Inc.,632.3,2001
776,Moonraker,210.3,1979
889,Moulin Rouge!,184.9,2001
222,Mr. & Mrs. Smith,487.3,2005
678,Mr. Bean's Holiday,232.2,2007
988,Mr. Deeds,171.3,2002
544,Mr. Peabody & Sherman,275.7,2014
873,Mr. Popper's Penguins,187.4,2011
266,Mrs. Doubtfire,441.3,1993
484,Mulan,304.3,1998
384,Murder on the Orient Express,352.8,2017
501,My Best Friend's Wedding,299.3,1997
353,My Big Fat Greek Wedding,368.7,2002
255,My People My Country,450.1,2019
401,National Treasure,347.5,2004
248,National Treasure Book of Secrets,459.2,2007
114,Ne Zha,726.1,2019
807,Need for Speed,203.3,2014
558,Neighbors,270.7,2014
423,Never Say Die,334.5,2017
173,Night at the Museum,574.5,2006
292,Night at the Museum Battle of the Smithsonian,413.1,2009
363,Night at the Museum Secret of the Tomb,363.2,2014
983,No Country for Old Men,171.6,2007
370,Noah,359.2,2014
714,Non-Stop,222.8,2014
361,Notting Hill,363.9,1999
389,Now You See Me,351.7,2013
422,Now You See Me 2,334.9,2016
532,Oblivion,286.2,2013
504,Ocean's Eight,297.7,2018
254,Ocean's Eleven,450.7,2001
467,Ocean's Thirteen,311.3,2007
364,Ocean's Twelve,362.7,2004
993,Olympus Has Fallen,170.3,2013
337,Once Upon a Time... in Hollywood,374.3,2019
742,One Hundred and One Dalmatians,216.0,1961
818,Open Season,200.8,2006
967,Operation Mekong,173.8,2016
172,Operation Red Sea,579.3,2018
696,Out of Africa,227.5,1985
862,Outbreak,189.9,1995
413,Over the Hedge,339.8,2006
218,Oz the Great and Powerful,493.3,2013
295,Pacific Rim,411.0,2013
519,Pacific Rim Uprising,290.9,2018
536,Paddington,282.8,2014
691,Paddington 2,228.0,2017
835,Panic Room,197.1,2002
852,Paranormal Activity,193.4,2009
940,Paranormal Activity 2,177.5,2010
787,Paranormal Activity 3,207.0,2011
602,Parasite,254.3,2019
486,Passengers,303.1,2016
811,Patch Adams,202.3,1998
935,Patriot Games,178.1,1992
898,Paul Blart Mall Cop,183.3,2009
257,Pearl Harbor,449.2,2001
596,Pegasus,255.9,2019
340,Penguins of Madagascar,373.5,2014
701,Percy Jackson & the Olympians The Lightning Thief,226.5,2010
821,Percy Jackson Sea of Monsters,199.9,2013
392,Peter Rabbit,351.3,2018
788,Philadelphia,206.7,1993
53,Pirates of the Caribbean At World's End,961.0,2007
35,Pirates of the Caribbean Dead Man's Chest,1066.2,2006
90,Pirates of the Caribbean Dead Men Tell No Tales,794.9,2017
38,Pirates of the Caribbean On Stranger Tides,1045.7,2011
140,Pirates of the Caribbean The Curse of the Black Pearl,654.3,2003
530,Pitch Perfect 2,287.1,2015
886,Pitch Perfect 3,185.4,2017
637,Pixels,244.9,2015
655,Planes,239.3,2013
365,Planet of the Apes,362.2,2001
405,Pocahontas,346.1,1995
273,Pokémon Detective Pikachu,433.0,2019
808,Ponyo,203.2,2008
909,Poseidon,181.7,2006
720,Presumed Innocent,221.3,1990
244,Pretty Woman,463.4,1990
416,Prince of Persia The Sands of Time,336.4,2009
869,Project Gutenberg,188.1,2018
305,Prometheus,403.4,2012
754,Public Enemies,214.1,2009
753,Pulp Fiction,214.2,1994
179,Puss in Boots,555.0,2011
165,Quantum of Solace,589.6,2008
316,Raiders of the Lost Ark,390.1,1981
379,Rain Man,354.8,1988
198,Ralph Breaks the Internet,529.3,2018
867,Rambo III,189.0,1988
495,Rambo First Blood Part II,300.4,1985
277,Rampage,428.0,2018
628,Rango,245.7,2011
470,Ransom,309.5,1996
152,Ratatouille,623.7,2007
171,Ready Player One,582.9,2018
502,Real Steel,299.3,2011
823,RED,199.0,2010
780,Red Dragon,209.2,2002
496,Resident Evil Afterlife,300.2,2010
653,Resident Evil Retribution,240.2,2012
463,Resident Evil The Final Chapter,312.2,2016
227,Rio,483.9,2011
213,Rio 2,498.8,2014
476,Rise of the Guardians,306.9,2012
229,Rise of the Planet of the Apes,481.8,2011
913,Road to Perdition,181.0,2002
447,Robin Hood,321.7,2010
315,Robin Hood Prince of Thieves,390.5,1991
646,RoboCop,242.7,2014
579,Robots,262.5,2005
845,Rocketman,195.2,2019
493,Rocky IV,300.5,1985
36,Rogue One A Star Wars Story,1056.1,2016
471,Runaway Bride,309.5,1999
639,Rush Hour,244.7,1998
402,Rush Hour 2,347.3,2001
589,Rush Hour 3,258.1,2007
784,S.W.A.T.,207.7,2003
783,Safe House,208.1,2012
515,Salt,293.5,2010
235,San Andreas,474.0,2015
660,Saturday Night Fever,237.1,1977
228,Saving Private Ryan,482.3,1998
541,Scary Movie,278.0,2000
722,Scary Movie 3,220.7,2003
932,Scary Movie 4,178.3,2006
443,Schindler's List,322.3,1993
545,Scooby-Doo,275.7,2002
911,Scooby-Doo 2 Monsters Unleashed,181.2,2004
972,Scream,173.0,1996
978,Scream 2,172.4,1997
436,Se7en,327.3,1995
689,Sennen no koi - Hikaru Genji monogatari,228.6,2001
953,Serial (Bad) Weddings,176.4,2014
1000,Seven Pounds,169.7,2008
285,Sex and the City,418.8,2008
521,Sex and the City 2,290.7,2010
522,Shakespeare in Love,289.3,1998
995,Shall We Dance,170.1,2004
336,Shark Tale,374.6,2004
357,Shazam!,366.0,2019
203,Sherlock Holmes,524.0,2009
189,Sherlock Holmes A Game of Shadows,543.8,2011
226,Shrek,484.4,2001
60,Shrek 2,928.8,2004
106,Shrek Forever After,752.6,2010
86,Shrek the Third,813.4,2007
512,Shutter Island,294.8,2010
300,Signs,408.2,2002
661,Silver Linings Playbook,236.4,2012
143,Sing,634.2,2016
680,Sister Act,231.6,1992
28,Skyfall,1108.6,2012
482,Skyscraper,304.9,2018
957,Sleeping with the Enemy,175.0,1991
692,Sleepless in Seattle,227.9,1993
789,Sleepy Hollow,206.1,1999
331,Slumdog Millionaire,378.0,2008
755,Smallfoot,214.0,2018
833,Smurfs The Lost Village,197.2,2017
310,Snow White and the Huntsman,396.6,2012
890,Snow White and the Seven Dwarfs,184.9,1937
312,Solo A Star Wars Story,392.9,2018
570,Something's Gotta Give,265.3,2003
479,Sonic the Hedgehog,306.8,2020
684,Space Jam,230.4,1996
66,Spectre,880.7,2015
393,Speed,350.4,1994
82,Spider-Man,825.0,2002
95,Spider-Man 2,789.0,2004
63,Spider-Man 3,895.0,2007
25,Spider-Man Far from Home,1131.9,2019
67,Spider-Man Homecoming,880.2,2017
334,Spider-Man Into the Spider-Verse,375.5,2018
984,Spies in Disguise,171.6,2019
399,Spirited Away,347.7,2001
540,Split,278.5,2017
667,Spy,235.7,2015
834,Spy Kids 3-D Game Over,197.1,2003
896,Stand by Me Doraemon,183.4,2014
323,Star Trek,385.7,2009
407,Star Trek Beyond,343.5,2016
242,Star Trek Into Darkness,467.4,2013
42,Star Wars Episode I - The Phantom Menace,1027.1,1999
141,Star Wars Episode II - Attack of the Clones,653.8,2002
73,Star Wars Episode III - Revenge of the Sith,868.4,2005
99,Star Wars Episode IV - A New Hope,775.5,1977
32,Star Wars Episode IX - The Rise of Skywalker,1074.1,2019
184,Star Wars Episode V - The Empire Strikes Back,547.9,1980
231,Star Wars Episode VI - Return of the Jedi,475.3,1983
4,Star Wars Episode VII - The Force Awakens,2068.2,2015
14,Star Wars Episode VIII - The Last Jedi,1332.5,2017
837,Stargate,196.6,1994
994,Starsky & Hutch,170.3,2004
897,Storks,183.4,2016
815,Straight Outta Compton,201.6,2015
498,Stuart Little,300.1,1999
996,Stuart Little 2,170.0,2002
108,Suicide Squad,746.8,2016
649,Sully,240.8,2016
585,Super 8,260.1,2011
990,Superbad,170.8,2007
494,Superman,300.5,1978
314,Superman Returns,391.1,2006
917,Sweet Home Alabama,180.6,2002
700,Taken,226.8,2008
332,Taken 2,376.1,2012
439,Taken 3,326.5,2015
164,Tangled,592.5,2010
258,Tarzan,448.2,1999
183,Ted,549.4,2012
744,Ted 2,215.9,2015
224,Teenage Mutant Ninja Turtles,485.0,2014
812,Teenage Mutant Ninja Turtles,202.0,1990
631,Teenage Mutant Ninja Turtles Out of the Shadows,245.6,2016
208,Terminator 2 Judgment Day,520.9,1991
272,Terminator 3 Rise of the Machines,433.4,2003
267,Terminator Genisys,440.6,2015
346,Terminator Salvation,371.4,2009
583,Terminator Dark Fate,261.1,2019
944,The 40-Year-Old Virgin,177.4,2005
810,The Addams Family,203.0,2019
856,The Addams Family,191.5,1991
339,The Adventures of Tintin,374.0,2011
104,The Amazing Spider-Man,757.9,2012
121,The Amazing Spider-Man 2,709.0,2014
386,The Angry Birds Movie,352.3,2016
948,The A-Team,177.2,2010
8,The Avengers,1518.8,2012
758,The Aviator,213.7,2004
844,The BFG,195.2,2016
888,The Birdcage,185.3,1996
619,The Blair Witch Project,248.6,1999
472,The Blind Side,309.2,2009
294,The Bodyguard,411.0,1992
200,The Boss Baby,528.0,2017
756,The Bourne Identity,214.0,2002
543,The Bourne Legacy,276.1,2012
520,The Bourne Supremacy,290.8,2004
261,The Bourne Ultimatum,444.1,2007
634,The Bravest,245.2,2019
794,The Break-Up,205.7,2006
907,The Bridges of Madison County,182.0,1995
956,The Bucket List,175.4,2007
286,The Captain,417.0,2019
284,The Chronicles of Narnia Prince Caspian,419.7,2008
110,The Chronicles of Narnia The Lion the Witch and the Wardrobe,745.0,2005
288,The Chronicles of Narnia The Voyage of the Dawn Treader,415.7,2010
453,The Conjuring,319.5,2013
450,The Conjuring 2,320.4,2016
167,The Croods,587.2,2013
418,The Curious Case of Benjamin Button,335.8,2008
101,The Da Vinci Code,760.0,2006
46,The Dark Knight,1004.9,2008
30,The Dark Knight Rises,1081.0,2012
182,The Day After Tomorrow,552.6,2004
673,The Day the Earth Stood Still,233.1,2008
517,The Departed,291.5,2006
947,The Descendants,177.2,2011
434,The Devil Wears Prada,327.9,2006
923,The Dictator,179.4,2012
733,The Emoji Movie,217.8,2017
679,The English Patient,232.0,1996
853,The Equalizer,192.3,2014
859,The Equalizer 2,190.4,2018
473,The Ex-File 3 The Return of The Exes,307.6,2017
265,The Exorcist,441.3,1973
549,The Expendables,274.5,2010
458,The Expendables 2,315.0,2012
751,The Expendables 3,214.7,2014
786,The Fast and the Furious,207.3,2001
19,The Fate of the Furious,1236.0,2017
474,The Fault in Our Stars,307.2,2014
576,The Fifth Element,264.0,1997
881,The Final Destination,186.2,2009
559,The Firm,270.2,1993
910,The First Wives Club,181.5,1996
410,The Flintstones,341.6,1994
351,The Fugitive,368.9,1993
590,The Full Monty,257.9,1997
971,The Girl on the Train,173.2,2016
675,The Girl with the Dragon Tattoo,232.6,2011
627,The Godfather,246.1,1972
343,The Golden Compass,372.2,2007
427,The Good Dinosaur,332.2,2015
975,The Grand Budapest Hotel,172.9,2014
380,The Great Gatsby,353.6,2013
421,The Great Wall,334.9,2016
271,The Greatest Showman,435.0,2017
695,The Green Hornet,227.8,2011
531,The Green Mile,286.8,1999
874,The Grudge,187.3,2004
239,The Hangover,469.3,2009
168,The Hangover Part II,586.8,2011
366,The Hangover Part III,362.0,2013
904,The Haunted Mansion,182.3,2003
946,The Haunting,177.3,1999
686,The Heat,229.9,2013
738,The Help,216.6,2011
915,The Hitman's Bodyguard,180.7,2017
45,The Hobbit An Unexpected Journey,1017.0,2012
55,The Hobbit The Battle of the Five Armies,956.0,2014
54,The Hobbit The Desolation of Smaug,958.4,2013
791,The Holiday,205.8,2006
877,The Horse Whisperer,186.9,1998
440,The Hunchback of Notre Dame,325.3,1996
126,The Hunger Games,694.4,2012
74,The Hunger Games Catching Fire,865.0,2013
105,The Hunger Games Mockingjay - Part 1,755.4,2014
136,The Hunger Games Mockingjay - Part 2,658.3,2015
820,The Hunt for Red October,200.5,1990
672,The Imitation Game,233.6,2014
829,The Impossible,198.1,2012
572,The Incredible Hulk,264.8,2008
146,The Incredibles,631.6,2004
846,The Intern,194.6,2015
280,The Intouchables,426.6,2011
828,The Island,198.3,2018
955,The Italian Job,176.1,2003
51,The Jungle Book,966.6,2016
775,The Jungle Book,210.3,1967
880,The Jungle Book 2,186.3,2003
371,The Karate Kid,359.1,2010
278,The King's Speech,427.4,2010
452,The Last Airbender,319.7,2010
252,The Last Samurai,454.6,2003
924,The League of Extraordinary Gentlemen,179.3,2003
376,The Legend of Tarzan,356.7,2016
465,The Lego Batman Movie,312.0,2017
240,The Lego Movie,468.1,2014
854,The Lego Movie 2 The Second Part,192.3,2019
7,The Lion King,1656.9,2019
50,The Lion King,968.5,1994
551,The Little Mermaid,274.2,1989
584,The Lone Ranger,260.5,2013
857,The Longest Yard,191.5,2005
397,The Lorax,348.8,2012
64,The Lord of the Rings The Fellowship of the Ring,887.8,2001
24,The Lord of the Rings The Return of the King,1142.2,2003
56,The Lord of the Rings The Two Towers,951.2,2002
156,The Lost World Jurassic Park,618.6,1997
902,The Man in the Iron Mask,183.0,1998
147,The Martian,630.2,2015
391,The Mask,351.6,1994
617,The Mask of Zorro,250.3,1998
243,The Matrix,465.3,1999
112,The Matrix Reloaded,741.8,2003
279,The Matrix Revolutions,427.3,2003
398,The Maze Runner,348.3,2014
197,The Meg,530.2,2018
180,The Mermaid,553.8,2016
851,The Monkey King 2,193.7,2016
905,The Monkey King Havoc in Heavens Palace,182.2,2014
959,The Mule,174.8,2018
287,The Mummy,415.9,1999
297,The Mummy,409.2,2017
262,The Mummy Returns,443.3,2001
304,The Mummy Tomb of the Dragon Emperor,403.4,2008
358,The Nun,365.6,2018
963,The Nutcracker and the Four Realms,174.0,2018
552,The Nutty Professor,274.0,1996
991,The Other Guys,170.5,2010
836,The Other Woman,196.7,2014
777,The Others,209.9,2001
825,The Pacifier,198.6,2005
158,The Passion of the Christ,612.1,2004
748,The Patriot,215.3,2000
625,The Peanuts Movie,246.2,2015
843,The Pelican Brief,195.3,1993
432,The Perfect Storm,328.7,2000
461,The Polar Express,313.5,2004
921,The Post,179.8,2017
730,The Prince of Egypt,218.6,1998
567,The Princess and the Frog,267.0,2009
454,The Proposal,317.4,2009
475,The Pursuit of Happyness,307.1,2006
196,The Revenant,533.0,2015
618,The Ring,249.3,2002
420,The Rock,335.1,1996
863,The Santa Clause,189.8,1994
976,The Santa Clause 2,172.9,2002
916,The Scorpion King,180.6,2002
70,The Secret Life of Pets,875.5,2016
275,The Secret Life of Pets 2,430.1,2019
868,The Secret Life of Walter Mitty,188.1,2013
842,The Shape of Water,195.3,2017
556,The Silence of the Lambs,272.8,1991
195,The Simpsons Movie,536.4,2007
132,The Sixth Sense,672.8,1999
176,The Smurfs,563.7,2011
400,The Smurfs 2,347.5,2013
708,The Social Network,224.9,2010
749,The Sorcerer's Apprentice,215.3,2010
992,The Specialist,170.4,1994
442,The SpongeBob Movie Sponge Out of Water,325.2,2015
849,The Sum of All Fears,193.9,2002
728,The Terminal,219.1,2004
539,The Tourist,278.8,2010
574,The Truman Show,264.1,1998
117,The Twilight Saga Breaking Dawn - Part 1,712.2,2011
81,The Twilight Saga Breaking Dawn - Part 2,829.7,2012
124,The Twilight Saga Eclipse,698.5,2010
118,The Twilight Saga New Moon,711.0,2009
446,The Ugly Truth,321.7,2009
593,The Village,256.7,2003
839,The Vow,196.1,2012
123,The Wandering Earth,699.8,2019
884,The Waterboy,186.0,1998
864,The White Storm 2 Drug Lords,189.4,2019
313,The Wolf of Wall Street,392.0,2013
290,The Wolverine,414.8,2013
367,The World Is Not Enough,361.8,1999
865,The X Files,189.2,1998
349,There's Something About Mary,369.9,1998
582,This Is It,261.2,2009
256,Thor,449.3,2011
78,Thor Ragnarok,854.0,2017
142,Thor The Dark World,644.8,2013
3,Titanic,2194.4,1997
548,Tomb Raider,274.7,2018
426,Tomorrow Never Dies,333.0,1997
781,Tomorrowland,209.0,2015
949,Tootsie,177.2,1982
375,Top Gun,356.8,1986
581,Total Recall,261.3,1990
827,Total Recall,198.5,2012
303,Toy Story,404.3,1995
215,Toy Story 2,497.4,1999
34,Toy Story 3,1067.0,2010
33,Toy Story 4,1073.4,2019
785,Traffic,207.5,2000
120,Transformers,709.7,2007
29,Transformers Age of Extinction,1104.1,2014
27,Transformers Dark of the Moon,1123.8,2011
79,Transformers Revenge of the Fallen,836.3,2009
161,Transformers The Last Knight,605.4,2017
403,Trolls,346.9,2016
307,TRON Legacy,400.1,2010
841,Tropic Thunder,195.7,2008
214,Troy,497.4,2004
610,True Grit,252.3,2010
330,True Lies,378.9,1994
537,Turbo,282.6,2013
299,Twilight,408.4,2008
739,Twins,216.6,1988
217,Twister,494.5,1996
822,Two Weeks Notice,199.0,2002
620,Unbreakable,248.1,2000
113,Up,735.1,2009
600,Us,255.2,2019
779,Us and Them,209.2,2018
740,Valentine's Day,216.5,2010
704,Valerian and the City of a Thousand Planets,225.9,2017
817,Valkyrie,201.5,2008
497,Van Helsing,300.2,2004
805,Vanilla Sky,203.4,2001
77,Venom,856.1,2018
746,Vertical Limit,215.7,2000
878,Walk the Line,186.8,2005
206,WALL·E,521.3,2008
847,Wallace & Gromit The Curse of the Were-Rabbit,194.1,2005
409,Wanted,342.5,2008
221,War for the Planet of the Apes,490.7,2017
939,War Horse,177.6,2011
163,War of the Worlds,603.9,2005
269,Warcraft,439.0,2016
887,Watchmen,185.4,2009
573,Waterworld,264.2,1995
899,Wayne's World,183.1,1992
876,Weathering with You,186.9,2019
525,Wedding Crashers,288.5,2005
635,Welcome to the Sticks,245.1,2008
560,We're the Millers,270.0,2012
726,What Happens in Vegas,219.4,2008
518,What Lies Beneath,291.4,2000
338,What Women Want,374.1,2000
906,While You Were Sleeping,182.1,1995
797,White House Down,205.4,2013
430,Who Framed Roger Rabbit,329.8,1988
606,Wild Hogs,253.6,2007
717,Wild Wild West,222.1,1999
72,Wolf Warrior 2,870.3,2017
481,Wonder,305.9,2017
83,Wonder Woman,821.8,2017
193,World War Z,540.0,2013
490,Wrath of the Titans,302.0,2012
237,Wreck-It Ralph,471.2,2012
301,X2 X-Men United,407.7,2003
509,X-Men,296.3,2000
342,X-Men Origins Wolverine,373.1,2009
188,X-Men Apocalypse,543.9,2016
609,X-Men Dark Phoenix,252.4,2019
109,X-Men Days of Future Past,746.0,2014
385,X-Men First Class,352.6,2011
247,X-Men The Last Stand,460.4,2006
586,Xun long jue,259.4,2015
542,xXx,277.4,2002
404,xXx Return of Xander Cage,346.1,2017
713,Yes Man,223.2,2008
803,Yogi Bear,203.5,2010
800,You Don't Mess with the Zohan,204.3,2008
372,Your Name.,358.9,2016
697,Youth,227.1,2017
614,You've Got Mail,250.8,1998
997,Zookeeper,169.9,2011
44,Zootopia,1023.8,2016
